Parent,ID,Name,Type,UoM,Description,Qty,FindNo,Variant,EffDateFrom,EffDateTo,EffUnitFrom,EffUnitTo
,A-100,Trailer,Assembly,,Tow trailer for the concept vehicle,,,,,,,
A-100,A-101,Frame,Assembly,,,1,10,,,,,
A-101,P-100,Drawbar,Gizmo,,Unknown item type,1,10,,,,,
A-101,P-101,Cross member,Part,,,-3,20,,,,,
A-101,P-8,,,,,twelve,30,,,,,
A-100,A-102,Axle,Assembly,,,1,20,,,,,
A-102,P-5,,,,,2,10,ENGINE=V12,,,,
A-102,P-102,Leaf spring,Part,,,2,20,MARKET=EU AND,,,,
A-102,P-103,Brake kit,Part,,,1,30,COLOR=RED,2026-02-30,,,
A-102,P 104,Wheel chock,Part,,ID has a space,2,40,,,,,
A-100,A-103,Lighting,Assembly,,,1,30,,01/07/2026,,0,
A-103,P-105,Tail light,Part,,,2,10,MARKET=US,,,2.5,UP
A-103,,Wiring harness,Part,,Missing ID,1,20,,,,,
A-999,P-106,Mud flap,Part,,Parent not in the file,2,40,,,,,
,A-200,Second root,Assembly,,Only one row may have a blank Parent,,,,,,,
